{
  "interactionModel": {
    "languageModel": {
      "intents": [
        {
          "name": "AMAZON.CancelIntent",
          "samples": []
        },
        {
          "name": "AMAZON.HelpIntent",
          "samples": []
        },
        {
          "name": "AMAZON.StopIntent",
          "samples": []
        },
        {
          "slots": [],
          "name": "HelloWorldIntent",
          "samples": [
            "hello",
            "how are you",
            "say hi world",
            "say hi",
            "hi",
            "say hello world",
            "say hello"
          ]
        },
        {
          "name": "AMAZON.NavigateHomeIntent",
          "samples": []
        },
        {
          "name": "AMAZON.FallbackIntent",
          "samples": []
        },
        {
          "slots": [],
          "name": "RockTestIntent",
          "samples": [
            "I choose Scissors",
            "I choose Paper",
            "I choose Rock"
          ]
        },
        {
          "slots": [],
          "name": "GameStartIntent",
          "samples": [
            "Play a game",
            "Let\u0027s play",
            "Let\u0027s play a game",
            "Let\u0027s play a round"
          ]
        },
        {
          "slots": [
            {
              "name": "Amount",
              "type": "AMAZON.NUMBER"
            }
          ],
          "name": "PointBetIntent",
          "samples": [
            "Set {Amount}",
            "Set {Amount} points",
            "Place a bet of {Amount}"
          ]
        }
      ],
      "types": [],
      "invocationName": "rock paper scissors"
    }
  }
}